{"cameraMode":{"drawMode":0,"name":"Shaded","section":"Shading Mode"},"sceneLighting":true,"audioPlay":false,"sceneViewState":{"showFog":false,"showMaterialUpdate":false,"showSkybox":false,"showFlares":false,"showImageEffects":false,"showParticleSystems":false},"in2DMode":false,"pivot":{"x":0.23082241415977479,"y":1.6199876070022584,"z":1.7763339281082154},"rotation":{"x":-0.01821337454020977,"y":0.9610004425048828,"z":-0.06528261303901673,"w":-0.2681131362915039},"size":3.794233560562134,"orthographic":false}