{"cameraMode":{"drawMode":0,"name":"Shaded","section":"Shading Mode"},"sceneLighting":false,"audioPlay":false,"sceneViewState":{"showFog":true,"showMaterialUpdate":true,"showSkybox":true,"showFlares":true,"showImageEffects":true,"showParticleSystems":true},"in2DMode":false,"pivot":{"x":48.855953216552737,"y":0.921290934085846,"z":-0.7965048551559448},"rotation":{"x":0.050306688994169238,"y":0.7529134154319763,"z":-0.05794765427708626,"w":0.6536304354667664},"size":34.55739212036133,"orthographic":false}