{"cameraMode":{"drawMode":0,"name":"Shaded","section":"Shading Mode"},"sceneLighting":true,"audioPlay":false,"sceneViewState":{"showFog":true,"showMaterialUpdate":true,"showSkybox":true,"showFlares":true,"showImageEffects":true,"showParticleSystems":true},"in2DMode":false,"pivot":{"x":-1.1592051982879639,"y":-0.6567096710205078,"z":0.23930931091308595},"rotation":{"x":-0.005010010674595833,"y":0.9945321679115295,"z":-0.0570654459297657,"w":-0.08731681108474732},"size":22.0,"orthographic":false}