{"cameraMode":{"drawMode":0,"name":"Shaded","section":"Shading Mode"},"sceneLighting":true,"audioPlay":false,"sceneViewState":{"showFog":true,"showMaterialUpdate":true,"showSkybox":true,"showFlares":true,"showImageEffects":true,"showParticleSystems":true},"in2DMode":false,"pivot":{"x":-29.66943359375,"y":-17.200748443603517,"z":-51.21607971191406},"rotation":{"x":-0.038669753819704059,"y":0.9556369781494141,"z":-0.14620427787303925,"w":-0.252758651971817},"size":68.62940979003906,"orthographic":false}